{
	"info": {
		"_postman_id": "db2add98-4426-4338-a08f-c174ea798f92",
		"name": "Batik Pedia API",
		"schema": "https://schema.getpostman.com/json/collection/v2.1.0/collection.json",
		"_exporter_id": "9633605"
	},
	"item": [
		{
			"name": "Authentication",
			"item": [
				{
					"name": "Register",
					"request": {
						"method": "POST",
						"header": [],
						"body": {
							"mode": "raw",
							"raw": "{\n  \"nama\": \"User\",\n  \"email\": \"user@test.com\",\n  \"password\": \"password\"\n}",
							"options": {
								"raw": {
									"language": "json"
								}
							}
						},
						"url": {
							"raw": "{{URL}}/api/user/register",
							"host": [
								"{{URL}}"
							],
							"path": [
								"api",
								"user",
								"register"
							]
						}
					},
					"response": []
				},
				{
					"name": "Login",
					"request": {
						"method": "POST",
						"header": [],
						"body": {
							"mode": "raw",
							"raw": "{\n  \"email\": \"user@test.com\",\n  \"password\": \"password\"\n}",
							"options": {
								"raw": {
									"language": "json"
								}
							}
						},
						"url": {
							"raw": "{{URL}}/api/user/login",
							"host": [
								"{{URL}}"
							],
							"path": [
								"api",
								"user",
								"login"
							]
						}
					},
					"response": []
				},
				{
					"name": "Get User",
					"request": {
						"method": "GET",
						"header": [
							{
								"key": "Authorization",
								"value": "Bearer {{token}}"
							}
						],
						"url": {
							"raw": "{{URL}}/api/user",
							"host": [
								"{{URL}}"
							],
							"path": [
								"api",
								"user"
							]
						}
					},
					"response": []
				}
			]
		},
		{
			"name": "User",
			"item": [
				{
					"name": "Update User",
					"request": {
						"method": "PATCH",
						"header": [
							{
								"key": "Authorization",
								"value": "Bearer {{token}}"
							}
						],
						"body": {
							"mode": "formdata",
							"formdata": [
								{
									"key": "nama",
									"value": "User Update",
									"type": "text"
								},
								{
									"key": "email",
									"value": "update@test.com",
									"type": "text",
									"disabled": true
								},
								{
									"key": "password",
									"value": "password",
									"type": "text",
									"disabled": true
								},
								{
									"key": "foto",
									"type": "file",
									"src": "/C:/Users/ASUS/Downloads/WhatsApp Image 2024-06-09 at 22.00.40_bcb70d8b.jpg",
									"disabled": true
								}
							]
						},
						"url": {
							"raw": "{{URL}}/api/user/update",
							"host": [
								"{{URL}}"
							],
							"path": [
								"api",
								"user",
								"update"
							]
						}
					},
					"response": []
				}
			]
		},
		{
			"name": "Forum",
			"item": [
				{
					"name": "Add Forum",
					"request": {
						"method": "POST",
						"header": [
							{
								"key": "Authorization",
								"value": "Bearer {{token}}"
							}
						],
						"body": {
							"mode": "raw",
							"raw": "{\n  \"content\": \"My First Forum\"\n}",
							"options": {
								"raw": {
									"language": "json"
								}
							}
						},
						"url": {
							"raw": "{{URL}}/api/forums",
							"host": [
								"{{URL}}"
							],
							"path": [
								"api",
								"forums"
							]
						}
					},
					"response": []
				},
				{
					"name": "Get Forum",
					"request": {
						"method": "GET",
						"header": [
							{
								"key": "Authorization",
								"value": "Bearer {{token}}"
							}
						],
						"url": {
							"raw": "{{URL}}/api/forums",
							"host": [
								"{{URL}}"
							],
							"path": [
								"api",
								"forums"
							]
						}
					},
					"response": []
				},
				{
					"name": "Delete Forum",
					"request": {
						"method": "DELETE",
						"header": [
							{
								"key": "Authorization",
								"value": "Bearer {{token}}"
							}
						],
						"url": {
							"raw": "{{URL}}/api/forums/IpjBtuNeTpAhzISTSARM",
							"host": [
								"{{URL}}"
							],
							"path": [
								"api",
								"forums",
								"IpjBtuNeTpAhzISTSARM"
							]
						}
					},
					"response": []
				},
				{
					"name": "Update Forum",
					"request": {
						"method": "PATCH",
						"header": [
							{
								"key": "Authorization",
								"value": "Bearer {{token}}"
							}
						],
						"body": {
							"mode": "raw",
							"raw": "{\n  \"content\": \"My First Forum Update\"\n}",
							"options": {
								"raw": {
									"language": "json"
								}
							}
						},
						"url": {
							"raw": "{{URL}}/api/forums/xBaRLoCKzbV7ixnZNT2v",
							"host": [
								"{{URL}}"
							],
							"path": [
								"api",
								"forums",
								"xBaRLoCKzbV7ixnZNT2v"
							]
						}
					},
					"response": []
				}
			]
		},
		{
			"name": "Batik",
			"item": [
				{
					"name": "Scan",
					"request": {
						"method": "POST",
						"header": [
							{
								"key": "Authorization",
								"value": "Bearer {{token}}"
							}
						],
						"body": {
							"mode": "formdata",
							"formdata": [
								{
									"key": "foto",
									"type": "file",
									"src": "/C:/Users/ASUS/Downloads/sekarjagad-1.jpg"
								}
							]
						},
						"url": {
							"raw": "{{URL}}/api/batik/scan",
							"host": [
								"{{URL}}"
							],
							"path": [
								"api",
								"batik",
								"scan"
							]
						}
					},
					"response": []
				},
				{
					"name": "Get Histories",
					"request": {
						"method": "GET",
						"header": [
							{
								"key": "Authorization",
								"value": "Bearer {{token}}"
							}
						],
						"url": {
							"raw": "{{URL}}/api/batik/histories",
							"host": [
								"{{URL}}"
							],
							"path": [
								"api",
								"batik",
								"histories"
							]
						}
					},
					"response": []
				}
			]
		}
	]
}